{"cameraMode":{"drawMode":0,"name":"Shaded","section":"Shading Mode"},"sceneLighting":true,"audioPlay":false,"sceneViewState":{"showFog":true,"showMaterialUpdate":false,"showSkybox":true,"showFlares":true,"showImageEffects":true,"showParticleSystems":true},"in2DMode":false,"pivot":{"x":-0.08736021816730499,"y":-4.140000343322754,"z":1.3239998817443848},"rotation":{"x":0.052565544843673709,"y":0.004008493386209011,"z":0.014135570265352726,"w":0.998512327671051},"size":33.96570587158203,"orthographic":true}