{"cameraMode":{"drawMode":0,"name":"Shaded","section":"Shading Mode"},"sceneLighting":false,"audioPlay":false,"sceneViewState":{"showFog":true,"showMaterialUpdate":false,"showSkybox":false,"showFlares":true,"showImageEffects":true,"showParticleSystems":true},"in2DMode":false,"pivot":{"x":1.1003532409667969,"y":-4.050859451293945,"z":10.9114990234375},"rotation":{"x":0.07133320719003678,"y":-0.8433830738067627,"z":0.14538589119911195,"w":0.5123364329338074},"size":73.27993774414063,"orthographic":false}