{"cameraMode":{"drawMode":0,"name":"Shaded","section":"Shading Mode"},"sceneLighting":true,"audioPlay":false,"sceneViewState":{"showFog":true,"showMaterialUpdate":false,"showSkybox":true,"showFlares":true,"showImageEffects":true,"showParticleSystems":true},"in2DMode":false,"pivot":{"x":-0.33222532272338869,"y":-10.787800788879395,"z":74.67410278320313},"rotation":{"x":0.3651489317417145,"y":0.41707664728164675,"z":-0.16931116580963136,"w":0.8148928284645081},"size":35.930145263671878,"orthographic":true}