{"cameraMode":{"drawMode":0,"name":"Shaded","section":"Shading Mode"},"sceneLighting":true,"audioPlay":false,"sceneViewState":{"showFog":true,"showMaterialUpdate":false,"showSkybox":true,"showFlares":true,"showImageEffects":true,"showParticleSystems":true},"in2DMode":false,"pivot":{"x":-8.636323928833008,"y":-19.312103271484376,"z":5.551093101501465},"rotation":{"x":0.15030577778816224,"y":-0.016311947256326677,"z":0.0024798917584121229,"w":0.9885040521621704},"size":88.82595825195313,"orthographic":true}